Time (s),Sum,Average
10,153.0,10.928571428571429
20,245.0,10.652173913043478
30,363.0,11.0
60,793.0,12.015151515151516
120,1711.0,11.881944444444445
180,2750.0,12.06140350877193
