Time (s),Sum,Average
10,88.0,9.777777777777779
20,327.0,12.11111111111111
30,476.0,11.9
60,1017.0,11.964705882352941
120,1884.0,12.0
180,3041.0,12.262096774193548
